<?xml version="1.0" encoding="UTF-8"?><?xml-stylesheet type='text/xsl' href='_UpgradeReport_Files/UpgradeReport.xslt'?><UpgradeLog>
<Properties><Property Name="Solution" Value="Builder Game Update">
</Property><Property Name="Файл решения" Value="G:\!L2Master\updater\Builder Game Update\Builder Game Update.sln">
</Property><Property Name="Файл параметров пользователя" Value="G:\!L2Master\updater\Builder Game Update\Builder Game Update.suo">
</Property><Property Name="Date" Value="22 августа 2010 г.">
</Property><Property Name="Time" Value="13:46">
</Property></Properties><Event ErrorLevel="0" Project="" Source="Builder Game Update.sln" Description="Успешно создана резервная копия файла G:\!L2Master\updater\Builder Game Update\Backup\Builder Game Update.sln">
</Event><Event ErrorLevel="0" Project="" Source="Builder Game Update.suo" Description="Успешно создана резервная копия файла G:\!L2Master\updater\Builder Game Update\Backup\Builder Game Update.suo">
</Event><Event ErrorLevel="0" Project="Builder Game Update" Source="Builder Game Update.csproj" Description="Успешно создана резервная копия файла проекта: G:\!L2Master\updater\Builder Game Update\Backup\Builder Game Update.csproj">
</Event><Event ErrorLevel="0" Project="Builder Game Update" Source="Builder Game Update.csproj.user" Description="Резервная копия проекта успешно создана как G:\!L2Master\updater\Builder Game Update\Backup\Builder Game Update.csproj.user">
</Event><Event ErrorLevel="0" Project="Builder Game Update" Source="About.cs" Description="Успешно создана резервная копия файла G:\!L2Master\updater\Builder Game Update\Backup\About.cs">
</Event><Event ErrorLevel="0" Project="Builder Game Update" Source="About.Designer.cs" Description="Успешно создана резервная копия файла G:\!L2Master\updater\Builder Game Update\Backup\About.Designer.cs">
</Event><Event ErrorLevel="0" Project="Builder Game Update" Source="CRC32.cs" Description="Успешно создана резервная копия файла G:\!L2Master\updater\Builder Game Update\Backup\CRC32.cs">
</Event><Event ErrorLevel="0" Project="Builder Game Update" Source="Step1.cs" Description="Успешно создана резервная копия файла G:\!L2Master\updater\Builder Game Update\Backup\Step1.cs">
</Event><Event ErrorLevel="0" Project="Builder Game Update" Source="Step1.Designer.cs" Description="Успешно создана резервная копия файла G:\!L2Master\updater\Builder Game Update\Backup\Step1.Designer.cs">
</Event><Event ErrorLevel="0" Project="Builder Game Update" Source="Program.cs" Description="Успешно создана резервная копия файла G:\!L2Master\updater\Builder Game Update\Backup\Program.cs">
</Event><Event ErrorLevel="0" Project="Builder Game Update" Source="Properties\AssemblyInfo.cs" Description="Успешно создана резервная копия файла G:\!L2Master\updater\Builder Game Update\Backup\Properties\AssemblyInfo.cs">
</Event><Event ErrorLevel="0" Project="Builder Game Update" Source="Properties\Resources.Designer.cs" Description="Успешно создана резервная копия файла G:\!L2Master\updater\Builder Game Update\Backup\Properties\Resources.Designer.cs">
</Event><Event ErrorLevel="0" Project="Builder Game Update" Source="Properties\Settings.Designer.cs" Description="Успешно создана резервная копия файла G:\!L2Master\updater\Builder Game Update\Backup\Properties\Settings.Designer.cs">
</Event><Event ErrorLevel="0" Project="Builder Game Update" Source="Step2.cs" Description="Успешно создана резервная копия файла G:\!L2Master\updater\Builder Game Update\Backup\Step2.cs">
</Event><Event ErrorLevel="0" Project="Builder Game Update" Source="Step2.Designer.cs" Description="Успешно создана резервная копия файла G:\!L2Master\updater\Builder Game Update\Backup\Step2.Designer.cs">
</Event><Event ErrorLevel="0" Project="Builder Game Update" Source="Step3.cs" Description="Успешно создана резервная копия файла G:\!L2Master\updater\Builder Game Update\Backup\Step3.cs">
</Event><Event ErrorLevel="0" Project="Builder Game Update" Source="Step3.Designer.cs" Description="Успешно создана резервная копия файла G:\!L2Master\updater\Builder Game Update\Backup\Step3.Designer.cs">
</Event><Event ErrorLevel="0" Project="Builder Game Update" Source="Zlib\Crc32.cs" Description="Успешно создана резервная копия файла G:\!L2Master\updater\Builder Game Update\Backup\Zlib\Crc32.cs">
</Event><Event ErrorLevel="0" Project="Builder Game Update" Source="Zlib\Deflate.cs" Description="Успешно создана резервная копия файла G:\!L2Master\updater\Builder Game Update\Backup\Zlib\Deflate.cs">
</Event><Event ErrorLevel="0" Project="Builder Game Update" Source="Zlib\DeflateStream.cs" Description="Успешно создана резервная копия файла G:\!L2Master\updater\Builder Game Update\Backup\Zlib\DeflateStream.cs">
</Event><Event ErrorLevel="0" Project="Builder Game Update" Source="Zlib\GZipStream.cs" Description="Успешно создана резервная копия файла G:\!L2Master\updater\Builder Game Update\Backup\Zlib\GZipStream.cs">
</Event><Event ErrorLevel="0" Project="Builder Game Update" Source="Zlib\Inflate.cs" Description="Успешно создана резервная копия файла G:\!L2Master\updater\Builder Game Update\Backup\Zlib\Inflate.cs">
</Event><Event ErrorLevel="0" Project="Builder Game Update" Source="Zlib\InfTree.cs" Description="Успешно создана резервная копия файла G:\!L2Master\updater\Builder Game Update\Backup\Zlib\InfTree.cs">
</Event><Event ErrorLevel="0" Project="Builder Game Update" Source="Zlib\Tree.cs" Description="Успешно создана резервная копия файла G:\!L2Master\updater\Builder Game Update\Backup\Zlib\Tree.cs">
</Event><Event ErrorLevel="0" Project="Builder Game Update" Source="Zlib\Zip\EncryptionAlgorithm.cs" Description="Успешно создана резервная копия файла G:\!L2Master\updater\Builder Game Update\Backup\Zlib\Zip\EncryptionAlgorithm.cs">
</Event><Event ErrorLevel="0" Project="Builder Game Update" Source="Zlib\Zip\Events.cs" Description="Успешно создана резервная копия файла G:\!L2Master\updater\Builder Game Update\Backup\Zlib\Zip\Events.cs">
</Event><Event ErrorLevel="0" Project="Builder Game Update" Source="Zlib\Zip\Exceptions.cs" Description="Успешно создана резервная копия файла G:\!L2Master\updater\Builder Game Update\Backup\Zlib\Zip\Exceptions.cs">
</Event><Event ErrorLevel="0" Project="Builder Game Update" Source="Zlib\Zip\ExtractExistingFileAction.cs" Description="Успешно создана резервная копия файла G:\!L2Master\updater\Builder Game Update\Backup\Zlib\Zip\ExtractExistingFileAction.cs">
</Event><Event ErrorLevel="0" Project="Builder Game Update" Source="Zlib\Zip\FileSelector.cs" Description="Успешно создана резервная копия файла G:\!L2Master\updater\Builder Game Update\Backup\Zlib\Zip\FileSelector.cs">
</Event><Event ErrorLevel="0" Project="Builder Game Update" Source="Zlib\Zip\Shared.cs" Description="Успешно создана резервная копия файла G:\!L2Master\updater\Builder Game Update\Backup\Zlib\Zip\Shared.cs">
</Event><Event ErrorLevel="0" Project="Builder Game Update" Source="Zlib\Zip\WinZipAes.cs" Description="Успешно создана резервная копия файла G:\!L2Master\updater\Builder Game Update\Backup\Zlib\Zip\WinZipAes.cs">
</Event><Event ErrorLevel="0" Project="Builder Game Update" Source="Zlib\Zip\ZipConstants.cs" Description="Успешно создана резервная копия файла G:\!L2Master\updater\Builder Game Update\Backup\Zlib\Zip\ZipConstants.cs">
</Event><Event ErrorLevel="0" Project="Builder Game Update" Source="Zlib\Zip\ZipCrypto.cs" Description="Успешно создана резервная копия файла G:\!L2Master\updater\Builder Game Update\Backup\Zlib\Zip\ZipCrypto.cs">
</Event><Event ErrorLevel="0" Project="Builder Game Update" Source="Zlib\Zip\ZipDirEntry.cs" Description="Успешно создана резервная копия файла G:\!L2Master\updater\Builder Game Update\Backup\Zlib\Zip\ZipDirEntry.cs">
</Event><Event ErrorLevel="0" Project="Builder Game Update" Source="Zlib\Zip\ZipEntry.cs" Description="Успешно создана резервная копия файла G:\!L2Master\updater\Builder Game Update\Backup\Zlib\Zip\ZipEntry.cs">
</Event><Event ErrorLevel="0" Project="Builder Game Update" Source="Zlib\Zip\ZipEntry.Extract.cs" Description="Успешно создана резервная копия файла G:\!L2Master\updater\Builder Game Update\Backup\Zlib\Zip\ZipEntry.Extract.cs">
</Event><Event ErrorLevel="0" Project="Builder Game Update" Source="Zlib\Zip\ZipEntry.Read.cs" Description="Успешно создана резервная копия файла G:\!L2Master\updater\Builder Game Update\Backup\Zlib\Zip\ZipEntry.Read.cs">
</Event><Event ErrorLevel="0" Project="Builder Game Update" Source="Zlib\Zip\ZipEntry.Write.cs" Description="Успешно создана резервная копия файла G:\!L2Master\updater\Builder Game Update\Backup\Zlib\Zip\ZipEntry.Write.cs">
</Event><Event ErrorLevel="0" Project="Builder Game Update" Source="Zlib\Zip\ZipErrorAction.cs" Description="Успешно создана резервная копия файла G:\!L2Master\updater\Builder Game Update\Backup\Zlib\Zip\ZipErrorAction.cs">
</Event><Event ErrorLevel="0" Project="Builder Game Update" Source="Zlib\Zip\ZipFile.AddUpdate.cs" Description="Успешно создана резервная копия файла G:\!L2Master\updater\Builder Game Update\Backup\Zlib\Zip\ZipFile.AddUpdate.cs">
</Event><Event ErrorLevel="0" Project="Builder Game Update" Source="Zlib\Zip\ZipFile.Check.cs" Description="Успешно создана резервная копия файла G:\!L2Master\updater\Builder Game Update\Backup\Zlib\Zip\ZipFile.Check.cs">
</Event><Event ErrorLevel="0" Project="Builder Game Update" Source="Zlib\Zip\ZipFile.cs" Description="Успешно создана резервная копия файла G:\!L2Master\updater\Builder Game Update\Backup\Zlib\Zip\ZipFile.cs">
</Event><Event ErrorLevel="0" Project="Builder Game Update" Source="Zlib\Zip\ZipFile.Events.cs" Description="Успешно создана резервная копия файла G:\!L2Master\updater\Builder Game Update\Backup\Zlib\Zip\ZipFile.Events.cs">
</Event><Event ErrorLevel="0" Project="Builder Game Update" Source="Zlib\Zip\ZipFile.Extract.cs" Description="Успешно создана резервная копия файла G:\!L2Master\updater\Builder Game Update\Backup\Zlib\Zip\ZipFile.Extract.cs">
</Event><Event ErrorLevel="0" Project="Builder Game Update" Source="Zlib\Zip\ZipFile.Read.cs" Description="Успешно создана резервная копия файла G:\!L2Master\updater\Builder Game Update\Backup\Zlib\Zip\ZipFile.Read.cs">
</Event><Event ErrorLevel="0" Project="Builder Game Update" Source="Zlib\Zip\ZipFile.Save.cs" Description="Успешно создана резервная копия файла G:\!L2Master\updater\Builder Game Update\Backup\Zlib\Zip\ZipFile.Save.cs">
</Event><Event ErrorLevel="0" Project="Builder Game Update" Source="Zlib\Zip\ZipFile.SaveSelfExtractor.cs" Description="Успешно создана резервная копия файла G:\!L2Master\updater\Builder Game Update\Backup\Zlib\Zip\ZipFile.SaveSelfExtractor.cs">
</Event><Event ErrorLevel="0" Project="Builder Game Update" Source="Zlib\Zip\ZipFile.Selector.cs" Description="Успешно создана резервная копия файла G:\!L2Master\updater\Builder Game Update\Backup\Zlib\Zip\ZipFile.Selector.cs">
</Event><Event ErrorLevel="0" Project="Builder Game Update" Source="Zlib\Zip\ZipFile.x-IEnumerable.cs" Description="Успешно создана резервная копия файла G:\!L2Master\updater\Builder Game Update\Backup\Zlib\Zip\ZipFile.x-IEnumerable.cs">
</Event><Event ErrorLevel="0" Project="Builder Game Update" Source="Zlib\Zlib.cs" Description="Успешно создана резервная копия файла G:\!L2Master\updater\Builder Game Update\Backup\Zlib\Zlib.cs">
</Event><Event ErrorLevel="0" Project="Builder Game Update" Source="Zlib\ZlibCodec.cs" Description="Успешно создана резервная копия файла G:\!L2Master\updater\Builder Game Update\Backup\Zlib\ZlibCodec.cs">
</Event><Event ErrorLevel="0" Project="Builder Game Update" Source="Zlib\ZlibConstants.cs" Description="Успешно создана резервная копия файла G:\!L2Master\updater\Builder Game Update\Backup\Zlib\ZlibConstants.cs">
</Event><Event ErrorLevel="0" Project="Builder Game Update" Source="Zlib\ZlibStream.cs" Description="Успешно создана резервная копия файла G:\!L2Master\updater\Builder Game Update\Backup\Zlib\ZlibStream.cs">
</Event><Event ErrorLevel="0" Project="Builder Game Update" Source="app.config" Description="Успешно создана резервная копия файла G:\!L2Master\updater\Builder Game Update\Backup\app.config">
</Event><Event ErrorLevel="0" Project="Builder Game Update" Source="Properties\Settings.settings" Description="Успешно создана резервная копия файла G:\!L2Master\updater\Builder Game Update\Backup\Properties\Settings.settings">
</Event><Event ErrorLevel="0" Project="Builder Game Update" Source="icon.ico" Description="Успешно создана резервная копия файла G:\!L2Master\updater\Builder Game Update\Backup\icon.ico">
</Event><Event ErrorLevel="0" Project="Builder Game Update" Source="About.resx" Description="Успешно создана резервная копия файла G:\!L2Master\updater\Builder Game Update\Backup\About.resx">
</Event><Event ErrorLevel="0" Project="Builder Game Update" Source="Step1.resx" Description="Успешно создана резервная копия файла G:\!L2Master\updater\Builder Game Update\Backup\Step1.resx">
</Event><Event ErrorLevel="0" Project="Builder Game Update" Source="Properties\Resources.resx" Description="Успешно создана резервная копия файла G:\!L2Master\updater\Builder Game Update\Backup\Properties\Resources.resx">
</Event><Event ErrorLevel="0" Project="Builder Game Update" Source="Step2.resx" Description="Успешно создана резервная копия файла G:\!L2Master\updater\Builder Game Update\Backup\Step2.resx">
</Event><Event ErrorLevel="0" Project="Builder Game Update" Source="Step3.resx" Description="Успешно создана резервная копия файла G:\!L2Master\updater\Builder Game Update\Backup\Step3.resx">
</Event><Event ErrorLevel="0" Project="Builder Game Update" Source="Builder Game Update.csproj" Description="Проект успешно преобразован">
</Event><Event ErrorLevel="3" Project="Builder Game Update" Source="Builder Game Update.csproj" Description="Converted">
</Event><Event ErrorLevel="0" Project="" Source="Builder Game Update.sln" Description="Преобразование решения успешно завершено">
</Event><Event ErrorLevel="3" Project="" Source="Builder Game Update.sln" Description="Converted">
</Event><Event ErrorLevel="0" Project="Builder Game Update" Source="Builder Game Update.csproj" Description="Сканирование завершено: обновление для файлов проекта не требуется.">
</Event></UpgradeLog>